{
  "project_info": {
    "project_number": "795157600095",
    "firebase_url": "https://sutt-4e744.firebaseio.com",
    "project_id": "sutt-4e744",
    "storage_bucket": "sutt-4e744.appspot.com"
  },
  "client": [
    {
      "client_info": {
        "mobilesdk_app_id": "1:795157600095:android:f540c56438b806905ac8ea",
        "android_client_info": {
          "package_name": "com.example.laundryadmin"
        }
      },
      "oauth_client": [
        {
          "client_id": "795157600095-fmn59ehp8gutql7b5s93vm6nb2l4m2os.apps.googleusercontent.com",
          "client_type": 1,
          "android_info": {
            "package_name": "com.example.laundryadmin",
            "certificate_hash": "2ab307cdc61376aa1e0d246082a5149a1b508215"
          }
        }
      ],
      "api_key": [
        {
          "current_key": "AIzaSyB8E58zPUpolNNr0lNFQcSmPYk6PYqGd9k"
        }
      ],
      "services": {
        "appinvite_service": {
          "other_platform_oauth_client": [
            {
              "client_id": "795157600095-rcudii07t5sa5g5iguf59e23rm7elg6q.apps.googleusercontent.com",
              "client_type": 3
            }
          ]
        }
      }
    },
    {
      "client_info": {
        "mobilesdk_app_id": "1:795157600095:android:8d590926d024c90b5ac8ea",
        "android_client_info": {
          "package_name": "com.example.su"
        }
      },
      "oauth_client": [
        {
          "client_id": "795157600095-8rljders5hdm516p7c8klle6dsa2v3st.apps.googleusercontent.com",
          "client_type": 1,
          "android_info": {
            "package_name": "com.example.su",
            "certificate_hash": "8481498d744f894a6dbe670ac530e382491ef038"
          }
        },
        {
          "client_id": "795157600095-085tivuureklabg7lu19nm4nnv5c515q.apps.googleusercontent.com",
          "client_type": 1,
          "android_info": {
            "package_name": "com.example.su",
            "certificate_hash": "0893d903338d3c987abeccc58fddbec57be1a711"
          }
        },
        {
          "client_id": "795157600095-t7mc03m6atsdm03v9s16s098btfi0jdv.apps.googleusercontent.com",
          "client_type": 1,
          "android_info": {
            "package_name": "com.example.su",
            "certificate_hash": "77f700cf2e6a6bd6e522b2ca81df1aa103fa0895"
          }
        },
        {
          "client_id": "795157600095-kooni0d2medfo06odlolesi8b72t691m.apps.googleusercontent.com",
          "client_type": 1,
          "android_info": {
            "package_name": "com.example.su",
            "certificate_hash": "7b061a482b0e86305d9b3d6d989c5d66d2fe1e28"
          }
        },
        {
          "client_id": "795157600095-6pcv1t3gn0dl7ossb2vecq7ir13ar7u5.apps.googleusercontent.com",
          "client_type": 1,
          "android_info": {
            "package_name": "com.example.su",
            "certificate_hash": "2ab307cdc61376aa1e0d246082a5149a1b508215"
          }
        }
      ],
      "api_key": [
        {
          "current_key": "AIzaSyB8E58zPUpolNNr0lNFQcSmPYk6PYqGd9k"
        }
      ],
      "services": {
        "appinvite_service": {
          "other_platform_oauth_client": [
            {
              "client_id": "795157600095-rcudii07t5sa5g5iguf59e23rm7elg6q.apps.googleusercontent.com",
              "client_type": 3
            }
          ]
        }
      }
    }
  ],
  "configuration_version": "1"
}